{"Baixa probabildade de Cancer": {"precision": 0.9548872180451128, "recall": 0.649616368286445, "f1-score": 0.7732115677321157, "support": 782}, "Cancer em Potencial": {"precision": 0.41702127659574467, "recall": 0.8909090909090909, "f1-score": 0.5681159420289855, "support": 220}, "accuracy": 0.7025948103792415, "macro avg": {"precision": 0.6859542473204288, "recall": 0.770262729597768, "f1-score": 0.6706637548805506, "support": 1002}, "weighted avg": {"precision": 0.8367928995632155, "recall": 0.7025948103792415, "f1-score": 0.7281805920288337, "support": 1002}}