{"Baixa probabildade de Cancer": {"precision": 0.9693140794223827, "recall": 0.6867007672634271, "f1-score": 0.8038922155688623, "support": 782}, "Cancer em Potencial": {"precision": 0.453125, "recall": 0.9227272727272727, "f1-score": 0.6077844311377245, "support": 220}, "accuracy": 0.7385229540918163, "macro avg": {"precision": 0.7112195397111913, "recall": 0.80471401999535, "f1-score": 0.7058383233532934, "support": 1002}, "weighted avg": {"precision": 0.8559791518046939, "recall": 0.7385229540918163, "f1-score": 0.7608346181887722, "support": 1002}}