{"Baixa probabildade de Cancer": {"precision": 0.9593023255813954, "recall": 0.6329923273657289, "f1-score": 0.7627118644067797, "support": 782}, "Cancer em Potencial": {"precision": 0.4094650205761317, "recall": 0.9045454545454545, "f1-score": 0.5637393767705383, "support": 220}, "accuracy": 0.6926147704590818, "macro avg": {"precision": 0.6843836730787636, "recall": 0.7687688909555916, "f1-score": 0.6632256205886591, "support": 1002}, "weighted avg": {"precision": 0.8385795640033934, "recall": 0.6926147704590818, "f1-score": 0.71902529027507, "support": 1002}}