{"Baixa probabildade de Cancer": {"precision": 0.9652777777777778, "recall": 0.710997442455243, "f1-score": 0.8188512518409425, "support": 782}, "Cancer em Potencial": {"precision": 0.4694835680751174, "recall": 0.9090909090909091, "f1-score": 0.6191950464396285, "support": 220}, "accuracy": 0.7544910179640718, "macro avg": {"precision": 0.7173806729264476, "recall": 0.8100441757730761, "f1-score": 0.7190231491402855, "support": 1002}, "weighted avg": {"precision": 0.8564207656674133, "recall": 0.7544910179640718, "f1-score": 0.7750145600362629, "support": 1002}}