{"preds": [{"name": "Xception + SVM (Kernel Rbf)", "pred": [2.02, 3.3000000000000003, 16.42, 1.48, 5.82, 70.19999999999999, 0.77], "max": 5}, {"name": "Xception + normaliza\u00e7\u00e3o + SVM (Kernel Rbf)", "pred": [0.8699999999999999, 5.17, 26.26, 1.78, 36.42, 28.749999999999996, 0.75], "max": 4}, {"name": "ResNet50 + normaliza\u00e7\u00e3o + SVM (Kernel Rbf)", "pred": [0.54, 5.42, 3.39, 2.74, 28.939999999999998, 56.43, 2.53], "max": 5}], "labels": ["akiec", "bcc", "bkl", "df", "mel", "nv", "vasc"], "descricao": ["Actinic Keratoses", "Basal cell carcinoma", "Benign keratosis", "Dermatofibroma", "Melanoma", "Melanocytic nev", "Vascular"]}