{"akiec": {"precision": 0.7586206896551724, "recall": 0.46808510638297873, "f1-score": 0.5789473684210527, "support": 47}, "bcc": {"precision": 0.8085106382978723, "recall": 0.6785714285714286, "f1-score": 0.737864077669903, "support": 56}, "bkl": {"precision": 0.6304347826086957, "recall": 0.5471698113207547, "f1-score": 0.5858585858585859, "support": 106}, "df": {"precision": 1.0, "recall": 0.3333333333333333, "f1-score": 0.5, "support": 6}, "mel": {"precision": 0.6808510638297872, "recall": 0.5470085470085471, "f1-score": 0.6066350710900476, "support": 117}, "nv": {"precision": 0.8603042876901799, "recall": 0.9598765432098766, "f1-score": 0.9073668854850474, "support": 648}, "vasc": {"precision": 0.8666666666666667, "recall": 0.5909090909090909, "f1-score": 0.7027027027027029, "support": 22}, "accuracy": 0.8173652694610778, "macro avg": {"precision": 0.8007697326783393, "recall": 0.5892791229622871, "f1-score": 0.6599106701753341, "support": 1002}, "weighted avg": {"precision": 0.8083445855019801, "recall": 0.8173652694610778, "f1-score": 0.8064285721932334, "support": 1002}}