{"akiec": {"precision": 0.5217391304347826, "recall": 0.5106382978723404, "f1-score": 0.5161290322580645, "support": 47}, "bcc": {"precision": 0.5454545454545454, "recall": 0.6428571428571429, "f1-score": 0.5901639344262296, "support": 56}, "bkl": {"precision": 0.4789915966386555, "recall": 0.5377358490566038, "f1-score": 0.5066666666666667, "support": 106}, "df": {"precision": 0.14285714285714285, "recall": 0.16666666666666666, "f1-score": 0.15384615384615383, "support": 6}, "mel": {"precision": 0.4117647058823529, "recall": 0.4188034188034188, "f1-score": 0.4152542372881356, "support": 117}, "nv": {"precision": 0.8865814696485623, "recall": 0.8564814814814815, "f1-score": 0.8712715855572999, "support": 648}, "vasc": {"precision": 0.7894736842105263, "recall": 0.6818181818181818, "f1-score": 0.7317073170731707, "support": 22}, "accuracy": 0.7355289421157685, "macro avg": {"precision": 0.5395517535895097, "recall": 0.5450001483651193, "f1-score": 0.5407198467308172, "support": 1002}, "weighted avg": {"precision": 0.7452566165168313, "recall": 0.7355289421157685, "f1-score": 0.7397238349433068, "support": 1002}}