{"akiec": {"precision": 0.5714285714285714, "recall": 0.5957446808510638, "f1-score": 0.5833333333333334, "support": 47}, "bcc": {"precision": 0.5909090909090909, "recall": 0.6964285714285714, "f1-score": 0.6393442622950819, "support": 56}, "bkl": {"precision": 0.5116279069767442, "recall": 0.6226415094339622, "f1-score": 0.5617021276595745, "support": 106}, "df": {"precision": 0.75, "recall": 0.5, "f1-score": 0.6, "support": 6}, "mel": {"precision": 0.45517241379310347, "recall": 0.5641025641025641, "f1-score": 0.5038167938931297, "support": 117}, "nv": {"precision": 0.9220338983050848, "recall": 0.8395061728395061, "f1-score": 0.8788368336025848, "support": 648}, "vasc": {"precision": 0.8421052631578947, "recall": 0.7272727272727273, "f1-score": 0.7804878048780488, "support": 22}, "accuracy": 0.7604790419161677, "macro avg": {"precision": 0.6633253063672129, "recall": 0.649385175132628, "f1-score": 0.6496458793802505, "support": 1002}, "weighted avg": {"precision": 0.7863673297330824, "recall": 0.7604790419161677, "f1-score": 0.7704230894754434, "support": 1002}}