{"akiec": {"precision": 0.46938775510204084, "recall": 0.48936170212765956, "f1-score": 0.47916666666666663, "support": 47}, "bcc": {"precision": 0.4, "recall": 0.5, "f1-score": 0.4444444444444445, "support": 56}, "bkl": {"precision": 0.3973509933774834, "recall": 0.5660377358490566, "f1-score": 0.4669260700389105, "support": 106}, "df": {"precision": 0.2, "recall": 0.6666666666666666, "f1-score": 0.30769230769230765, "support": 6}, "mel": {"precision": 0.4121212121212121, "recall": 0.5811965811965812, "f1-score": 0.4822695035460993, "support": 117}, "nv": {"precision": 0.9240986717267552, "recall": 0.7515432098765432, "f1-score": 0.8289361702127659, "support": 648}, "vasc": {"precision": 0.9, "recall": 0.8181818181818182, "f1-score": 0.8571428571428572, "support": 22}, "accuracy": 0.6866267465069861, "macro avg": {"precision": 0.5289940903324988, "recall": 0.6247125305569037, "f1-score": 0.5523682885348645, "support": 1002}, "weighted avg": {"precision": 0.7531083342164953, "recall": 0.6866267465069861, "f1-score": 0.7097638249125842, "support": 1002}}