{"Baixa probabildade de Cancer": {"precision": 0.9722703639514731, "recall": 0.717391304347826, "f1-score": 0.82560706401766, "support": 782}, "Cancer em Potencial": {"precision": 0.48, "recall": 0.9272727272727272, "f1-score": 0.6325581395348837, "support": 220}, "accuracy": 0.7634730538922155, "macro avg": {"precision": 0.7261351819757366, "recall": 0.8223320158102767, "f1-score": 0.7290826017762719, "support": 1002}, "weighted avg": {"precision": 0.864187050509034, "recall": 0.7634730538922155, "f1-score": 0.7832210726142561, "support": 1002}}