{"Baixa probabildade de Cancer": {"precision": 0.9753521126760564, "recall": 0.7084398976982097, "f1-score": 0.8207407407407408, "support": 782}, "Cancer em Potencial": {"precision": 0.47465437788018433, "recall": 0.9363636363636364, "f1-score": 0.6299694189602446, "support": 220}, "accuracy": 0.7584830339321357, "macro avg": {"precision": 0.7250032452781203, "recall": 0.822401767030923, "f1-score": 0.7253550798504926, "support": 1002}, "weighted avg": {"precision": 0.8654184782897372, "recall": 0.7584830339321357, "f1-score": 0.7788548217869392, "support": 1002}}