{"Baixa probabildade de Cancer": {"precision": 0.9779527559055118, "recall": 0.7941176470588235, "f1-score": 0.876499647141849, "support": 782}, "Cancer em Potencial": {"precision": 0.5613079019073569, "recall": 0.9363636363636364, "f1-score": 0.7018739352640544, "support": 220}, "accuracy": 0.8253493013972056, "macro avg": {"precision": 0.7696303289064343, "recall": 0.8652406417112299, "f1-score": 0.7891867912029518, "support": 1002}, "weighted avg": {"precision": 0.8864738458460367, "recall": 0.8253493013972056, "f1-score": 0.8381586724780618, "support": 1002}}