{"Baixa probabildade de Cancer": {"precision": 0.9809523809523809, "recall": 0.7902813299232737, "f1-score": 0.8753541076487252, "support": 782}, "Cancer em Potencial": {"precision": 0.5591397849462365, "recall": 0.9454545454545454, "f1-score": 0.7027027027027027, "support": 220}, "accuracy": 0.8243512974051896, "macro avg": {"precision": 0.7700460829493088, "recall": 0.8678679376889096, "f1-score": 0.7890284051757139, "support": 1002}, "weighted avg": {"precision": 0.8883388369190957, "recall": 0.8243512974051896, "f1-score": 0.8374466135488001, "support": 1002}}