{"akiec": {"precision": 0.42857142857142855, "recall": 0.44680851063829785, "f1-score": 0.4375, "support": 47}, "bcc": {"precision": 0.6071428571428571, "recall": 0.6071428571428571, "f1-score": 0.6071428571428571, "support": 56}, "bkl": {"precision": 0.34074074074074073, "recall": 0.4339622641509434, "f1-score": 0.3817427385892116, "support": 106}, "df": {"precision": 0.45454545454545453, "recall": 0.8333333333333334, "f1-score": 0.5882352941176471, "support": 6}, "mel": {"precision": 0.4666666666666667, "recall": 0.5384615384615384, "f1-score": 0.5, "support": 117}, "nv": {"precision": 0.8955223880597015, "recall": 0.8333333333333334, "f1-score": 0.8633093525179857, "support": 648}, "vasc": {"precision": 1.0, "recall": 0.5909090909090909, "f1-score": 0.7428571428571429, "support": 22}, "accuracy": 0.720558882235529, "macro avg": {"precision": 0.5990270765324069, "recall": 0.6119929897099136, "f1-score": 0.5886839121749777, "support": 1002}, "weighted avg": {"precision": 0.7483903751011327, "recall": 0.720558882235529, "f1-score": 0.7313612371553635, "support": 1002}}