{"akiec": {"precision": 0.5555555555555556, "recall": 0.5319148936170213, "f1-score": 0.5434782608695652, "support": 47}, "bcc": {"precision": 0.6610169491525424, "recall": 0.6964285714285714, "f1-score": 0.6782608695652174, "support": 56}, "bkl": {"precision": 0.5412844036697247, "recall": 0.5566037735849056, "f1-score": 0.5488372093023256, "support": 106}, "df": {"precision": 0.5714285714285714, "recall": 0.6666666666666666, "f1-score": 0.6153846153846153, "support": 6}, "mel": {"precision": 0.5483870967741935, "recall": 0.5811965811965812, "f1-score": 0.5643153526970954, "support": 117}, "nv": {"precision": 0.8990683229813664, "recall": 0.8935185185185185, "f1-score": 0.8962848297213623, "support": 648}, "vasc": {"precision": 1.0, "recall": 0.6363636363636364, "f1-score": 0.7777777777777778, "support": 22}, "accuracy": 0.7864271457085829, "macro avg": {"precision": 0.6823915570802791, "recall": 0.6518132344822716, "f1-score": 0.6606198450454227, "support": 1002}, "weighted avg": {"precision": 0.7911081258440338, "recall": 0.7864271457085829, "f1-score": 0.7877482194321256, "support": 1002}}