{"akiec": {"precision": 0.40816326530612246, "recall": 0.425531914893617, "f1-score": 0.4166666666666667, "support": 47}, "bcc": {"precision": 0.5964912280701754, "recall": 0.6071428571428571, "f1-score": 0.6017699115044247, "support": 56}, "bkl": {"precision": 0.3409090909090909, "recall": 0.42452830188679247, "f1-score": 0.37815126050420167, "support": 106}, "df": {"precision": 0.3333333333333333, "recall": 0.6666666666666666, "f1-score": 0.4444444444444444, "support": 6}, "mel": {"precision": 0.45528455284552843, "recall": 0.47863247863247865, "f1-score": 0.4666666666666667, "support": 117}, "nv": {"precision": 0.8814935064935064, "recall": 0.8379629629629629, "f1-score": 0.8591772151898733, "support": 648}, "vasc": {"precision": 1.0, "recall": 0.5909090909090909, "f1-score": 0.7428571428571429, "support": 22}, "accuracy": 0.7135728542914171, "macro avg": {"precision": 0.5736678538511082, "recall": 0.5759106104420665, "f1-score": 0.5585333296904886, "support": 1002}, "weighted avg": {"precision": 0.7357281744195611, "recall": 0.7135728542914171, "f1-score": 0.7222782846742397, "support": 1002}}