{"akiec": {"precision": 0.5434782608695652, "recall": 0.5319148936170213, "f1-score": 0.5376344086021505, "support": 47}, "bcc": {"precision": 0.6851851851851852, "recall": 0.6607142857142857, "f1-score": 0.6727272727272727, "support": 56}, "bkl": {"precision": 0.5480769230769231, "recall": 0.5377358490566038, "f1-score": 0.5428571428571429, "support": 106}, "df": {"precision": 0.5, "recall": 0.6666666666666666, "f1-score": 0.5714285714285715, "support": 6}, "mel": {"precision": 0.5686274509803921, "recall": 0.49572649572649574, "f1-score": 0.5296803652968037, "support": 117}, "nv": {"precision": 0.8844444444444445, "recall": 0.9212962962962963, "f1-score": 0.9024943310657596, "support": 648}, "vasc": {"precision": 1.0, "recall": 0.5909090909090909, "f1-score": 0.7428571428571429, "support": 22}, "accuracy": 0.7894211576846307, "macro avg": {"precision": 0.6756874663652158, "recall": 0.6292805111409229, "f1-score": 0.6428113192621205, "support": 1002}, "weighted avg": {"precision": 0.7850892357705586, "recall": 0.7894211576846307, "f1-score": 0.7854738118379764, "support": 1002}}