{"akiec": {"precision": 0.5957446808510638, "recall": 0.5957446808510638, "f1-score": 0.5957446808510638, "support": 47}, "bcc": {"precision": 0.6666666666666666, "recall": 0.75, "f1-score": 0.7058823529411765, "support": 56}, "bkl": {"precision": 0.5495495495495496, "recall": 0.5754716981132075, "f1-score": 0.5622119815668203, "support": 106}, "df": {"precision": 0.3333333333333333, "recall": 0.16666666666666666, "f1-score": 0.2222222222222222, "support": 6}, "mel": {"precision": 0.5702479338842975, "recall": 0.5897435897435898, "f1-score": 0.5798319327731093, "support": 117}, "nv": {"precision": 0.9056603773584906, "recall": 0.8888888888888888, "f1-score": 0.897196261682243, "support": 648}, "vasc": {"precision": 0.9047619047619048, "recall": 0.8636363636363636, "f1-score": 0.8837209302325582, "support": 22}, "accuracy": 0.7944111776447106, "macro avg": {"precision": 0.6465663494864724, "recall": 0.63287884112854, "f1-score": 0.6352586231813133, "support": 1002}, "weighted avg": {"precision": 0.7974823156518086, "recall": 0.7944111776447106, "f1-score": 0.7955315262612632, "support": 1002}}