{"akiec": {"precision": 0.8222222222222222, "recall": 0.7872340425531915, "f1-score": 0.8043478260869565, "support": 47}, "bcc": {"precision": 0.7777777777777778, "recall": 0.75, "f1-score": 0.7636363636363638, "support": 56}, "bkl": {"precision": 0.7294117647058823, "recall": 0.5849056603773585, "f1-score": 0.6492146596858638, "support": 106}, "df": {"precision": 1.0, "recall": 0.3333333333333333, "f1-score": 0.5, "support": 6}, "mel": {"precision": 0.6759259259259259, "recall": 0.6239316239316239, "f1-score": 0.6488888888888888, "support": 117}, "nv": {"precision": 0.894356005788712, "recall": 0.9537037037037037, "f1-score": 0.9230769230769231, "support": 648}, "vasc": {"precision": 0.9411764705882353, "recall": 0.7272727272727273, "f1-score": 0.8205128205128205, "support": 22}, "accuracy": 0.8483033932135728, "macro avg": {"precision": 0.8344100238583937, "recall": 0.6800544415959913, "f1-score": 0.7299539259839738, "support": 1002}, "weighted avg": {"precision": 0.8431632280401031, "recall": 0.8483033932135728, "f1-score": 0.8428242178857817, "support": 1002}}