{"akiec": {"precision": 0.52, "recall": 0.5531914893617021, "f1-score": 0.536082474226804, "support": 47}, "bcc": {"precision": 0.5555555555555556, "recall": 0.625, "f1-score": 0.5882352941176471, "support": 56}, "bkl": {"precision": 0.5982142857142857, "recall": 0.6320754716981132, "f1-score": 0.6146788990825687, "support": 106}, "df": {"precision": 0.42857142857142855, "recall": 0.5, "f1-score": 0.4615384615384615, "support": 6}, "mel": {"precision": 0.5317460317460317, "recall": 0.5726495726495726, "f1-score": 0.5514403292181069, "support": 117}, "nv": {"precision": 0.9104, "recall": 0.8780864197530864, "f1-score": 0.8939512961508248, "support": 648}, "vasc": {"precision": 0.8947368421052632, "recall": 0.7727272727272727, "f1-score": 0.8292682926829269, "support": 22}, "accuracy": 0.782435129740519, "macro avg": {"precision": 0.6341748776703664, "recall": 0.6476757465985352, "f1-score": 0.6393135781453342, "support": 1002}, "weighted avg": {"precision": 0.7917873754579396, "recall": 0.782435129740519, "f1-score": 0.7865320436072939, "support": 1002}}