{"akiec": {"precision": 0.39215686274509803, "recall": 0.425531914893617, "f1-score": 0.4081632653061224, "support": 47}, "bcc": {"precision": 0.40298507462686567, "recall": 0.48214285714285715, "f1-score": 0.43902439024390244, "support": 56}, "bkl": {"precision": 0.38650306748466257, "recall": 0.5943396226415094, "f1-score": 0.46840148698884754, "support": 106}, "df": {"precision": 0.16666666666666666, "recall": 0.5, "f1-score": 0.25, "support": 6}, "mel": {"precision": 0.4, "recall": 0.5299145299145299, "f1-score": 0.4558823529411765, "support": 117}, "nv": {"precision": 0.9144486692015209, "recall": 0.7422839506172839, "f1-score": 0.8194207836456557, "support": 648}, "vasc": {"precision": 0.8181818181818182, "recall": 0.8181818181818182, "f1-score": 0.8181818181818182, "support": 22}, "accuracy": 0.6726546906187625, "macro avg": {"precision": 0.49727745127237605, "recall": 0.5846278133416594, "f1-score": 0.522724871043932, "support": 1002}, "weighted avg": {"precision": 0.7388528937366106, "recall": 0.6726546906187625, "f1-score": 0.6958507984434797, "support": 1002}}