{"akiec": {"precision": 0.5882352941176471, "recall": 0.425531914893617, "f1-score": 0.49382716049382713, "support": 47}, "bcc": {"precision": 0.6444444444444445, "recall": 0.5178571428571429, "f1-score": 0.5742574257425743, "support": 56}, "bkl": {"precision": 0.58, "recall": 0.5471698113207547, "f1-score": 0.5631067961165048, "support": 106}, "df": {"precision": 1.0, "recall": 0.3333333333333333, "f1-score": 0.5, "support": 6}, "mel": {"precision": 0.6470588235294118, "recall": 0.5641025641025641, "f1-score": 0.6027397260273972, "support": 117}, "nv": {"precision": 0.8666666666666667, "recall": 0.9429012345679012, "f1-score": 0.9031781226903179, "support": 648}, "vasc": {"precision": 1.0, "recall": 0.6363636363636364, "f1-score": 0.7777777777777778, "support": 22}, "accuracy": 0.7984031936127745, "macro avg": {"precision": 0.7609150326797386, "recall": 0.5667513767769928, "f1-score": 0.6306981441211998, "support": 1002}, "weighted avg": {"precision": 0.7889439421809975, "recall": 0.7984031936127745, "f1-score": 0.7893699554219423, "support": 1002}}