{"akiec": {"precision": 0.5454545454545454, "recall": 0.5106382978723404, "f1-score": 0.5274725274725275, "support": 47}, "bcc": {"precision": 0.5735294117647058, "recall": 0.6964285714285714, "f1-score": 0.6290322580645161, "support": 56}, "bkl": {"precision": 0.45925925925925926, "recall": 0.5849056603773585, "f1-score": 0.5145228215767634, "support": 106}, "df": {"precision": 0.2857142857142857, "recall": 0.3333333333333333, "f1-score": 0.30769230769230765, "support": 6}, "mel": {"precision": 0.4195804195804196, "recall": 0.5128205128205128, "f1-score": 0.4615384615384615, "support": 117}, "nv": {"precision": 0.9216354344122658, "recall": 0.8348765432098766, "f1-score": 0.8761133603238866, "support": 648}, "vasc": {"precision": 0.8333333333333334, "recall": 0.6818181818181818, "f1-score": 0.7499999999999999, "support": 22}, "accuracy": 0.7415169660678643, "macro avg": {"precision": 0.5769295270741165, "recall": 0.5935458715514537, "f1-score": 0.5809102480954947, "support": 1002}, "weighted avg": {"precision": 0.7712512792558335, "recall": 0.7415169660678643, "f1-score": 0.7531178100458992, "support": 1002}}