{"Baixa probabildade de Cancer": {"precision": 0.9679715302491103, "recall": 0.6956521739130435, "f1-score": 0.8095238095238094, "support": 782}, "Cancer em Potencial": {"precision": 0.4590909090909091, "recall": 0.9181818181818182, "f1-score": 0.6121212121212121, "support": 220}, "accuracy": 0.7445109780439122, "macro avg": {"precision": 0.7135312196700097, "recall": 0.8069169960474308, "f1-score": 0.7108225108225108, "support": 1002}, "weighted avg": {"precision": 0.8562412541465113, "recall": 0.7445109780439122, "f1-score": 0.7661819218705445, "support": 1002}}