{"Baixa probabildade de Cancer": {"precision": 0.9627831715210357, "recall": 0.7608695652173914, "f1-score": 0.8500000000000001, "support": 782}, "Cancer em Potencial": {"precision": 0.5130208333333334, "recall": 0.8954545454545455, "f1-score": 0.652317880794702, "support": 220}, "accuracy": 0.7904191616766467, "macro avg": {"precision": 0.7379020024271845, "recall": 0.8281620553359684, "f1-score": 0.7511589403973511, "support": 1002}, "weighted avg": {"precision": 0.8640329575476878, "recall": 0.7904191616766467, "f1-score": 0.8065967402942461, "support": 1002}}