{"Baixa probabildade de Cancer": {"precision": 0.9644194756554307, "recall": 0.6585677749360613, "f1-score": 0.7826747720364741, "support": 782}, "Cancer em Potencial": {"precision": 0.42948717948717946, "recall": 0.9136363636363637, "f1-score": 0.5843023255813953, "support": 220}, "accuracy": 0.7145708582834331, "macro avg": {"precision": 0.6969533275713051, "recall": 0.7861020692862125, "f1-score": 0.6834885488089346, "support": 1002}, "weighted avg": {"precision": 0.8469692709079105, "recall": 0.7145708582834331, "f1-score": 0.7391199434734826, "support": 1002}}