{"Baixa probabildade de Cancer": {"precision": 0.9516728624535316, "recall": 0.6547314578005116, "f1-score": 0.7757575757575756, "support": 782}, "Cancer em Potencial": {"precision": 0.41810344827586204, "recall": 0.8818181818181818, "f1-score": 0.567251461988304, "support": 220}, "accuracy": 0.7045908183632734, "macro avg": {"precision": 0.6848881553646968, "recall": 0.7682748198093468, "f1-score": 0.6715045188729398, "support": 1002}, "weighted avg": {"precision": 0.8345218932728057, "recall": 0.7045908183632734, "f1-score": 0.7299777902992526, "support": 1002}}