{"Baixa probabildade de Cancer": {"precision": 0.9589552238805971, "recall": 0.6572890025575447, "f1-score": 0.779969650986343, "support": 782}, "Cancer em Potencial": {"precision": 0.4248927038626609, "recall": 0.9, "f1-score": 0.5772594752186588, "support": 220}, "accuracy": 0.7105788423153693, "macro avg": {"precision": 0.691923963871629, "recall": 0.7786445012787724, "f1-score": 0.6786145631025009, "support": 1002}, "weighted avg": {"precision": 0.8416959879485153, "recall": 0.7105788423153693, "f1-score": 0.7354624267658934, "support": 1002}}