{"Baixa probabildade de Cancer": {"precision": 0.9716193656093489, "recall": 0.7442455242966752, "f1-score": 0.8428674873280232, "support": 782}, "Cancer em Potencial": {"precision": 0.5037220843672456, "recall": 0.9227272727272727, "f1-score": 0.651685393258427, "support": 220}, "accuracy": 0.783433133732535, "macro avg": {"precision": 0.7376707249882972, "recall": 0.833486398511974, "f1-score": 0.747276440293225, "support": 1002}, "weighted avg": {"precision": 0.8688874276120807, "recall": 0.783433133732535, "f1-score": 0.8008913788496688, "support": 1002}}