{"Baixa probabildade de Cancer": {"precision": 0.9661590524534687, "recall": 0.7301790281329923, "f1-score": 0.831755280407866, "support": 782}, "Cancer em Potencial": {"precision": 0.48661800486618007, "recall": 0.9090909090909091, "f1-score": 0.6339144215530904, "support": 220}, "accuracy": 0.7694610778443114, "macro avg": {"precision": 0.7263885286598244, "recall": 0.8196349686119506, "f1-score": 0.7328348509804782, "support": 1002}, "weighted avg": {"precision": 0.8608705988913894, "recall": 0.7694610778443114, "f1-score": 0.7883171676852605, "support": 1002}}