{"Baixa probabildade de Cancer": {"precision": 0.9663366336633663, "recall": 0.6240409207161125, "f1-score": 0.7583527583527583, "support": 782}, "Cancer em Potencial": {"precision": 0.4084507042253521, "recall": 0.9227272727272727, "f1-score": 0.5662482566248257, "support": 220}, "accuracy": 0.689620758483034, "macro avg": {"precision": 0.6873936689443592, "recall": 0.7733840967216926, "f1-score": 0.662300507488792, "support": 1002}, "weighted avg": {"precision": 0.8438467090362574, "recall": 0.689620758483034, "f1-score": 0.7161741252388408, "support": 1002}}