{"akiec": {"precision": 0.8181818181818182, "recall": 0.7659574468085106, "f1-score": 0.7912087912087913, "support": 47}, "bcc": {"precision": 0.7368421052631579, "recall": 0.75, "f1-score": 0.743362831858407, "support": 56}, "bkl": {"precision": 0.7228915662650602, "recall": 0.5660377358490566, "f1-score": 0.6349206349206349, "support": 106}, "df": {"precision": 0.6666666666666666, "recall": 0.3333333333333333, "f1-score": 0.4444444444444444, "support": 6}, "mel": {"precision": 0.73, "recall": 0.6239316239316239, "f1-score": 0.6728110599078341, "support": 117}, "nv": {"precision": 0.8912732474964234, "recall": 0.9614197530864198, "f1-score": 0.9250185597624351, "support": 648}, "vasc": {"precision": 0.9375, "recall": 0.6818181818181818, "f1-score": 0.7894736842105263, "support": 22}, "accuracy": 0.8493013972055888, "macro avg": {"precision": 0.7861936291247323, "recall": 0.6689282964038752, "f1-score": 0.7144628580447246, "support": 1002}, "weighted avg": {"precision": 0.8422397941627355, "recall": 0.8493013972055888, "f1-score": 0.8425975324621197, "support": 1002}}