{"akiec": {"precision": 0.5555555555555556, "recall": 0.5319148936170213, "f1-score": 0.5434782608695652, "support": 47}, "bcc": {"precision": 0.6666666666666666, "recall": 0.7142857142857143, "f1-score": 0.689655172413793, "support": 56}, "bkl": {"precision": 0.5405405405405406, "recall": 0.5660377358490566, "f1-score": 0.5529953917050691, "support": 106}, "df": {"precision": 0.2, "recall": 0.16666666666666666, "f1-score": 0.1818181818181818, "support": 6}, "mel": {"precision": 0.543859649122807, "recall": 0.5299145299145299, "f1-score": 0.5367965367965368, "support": 117}, "nv": {"precision": 0.8918083462132921, "recall": 0.8904320987654321, "f1-score": 0.891119691119691, "support": 648}, "vasc": {"precision": 0.9, "recall": 0.8181818181818182, "f1-score": 0.8571428571428572, "support": 22}, "accuracy": 0.781437125748503, "macro avg": {"precision": 0.614061536871266, "recall": 0.602490493897177, "f1-score": 0.6075722988379564, "support": 1002}, "weighted avg": {"precision": 0.781701725584155, "recall": 0.781437125748503, "f1-score": 0.7814176507341176, "support": 1002}}